ItemCode,UOM,IBMS ItemName,ItemType,Section,Name,Secoundry Pack Selling Net Rate to Retailers Including Tax - Round 
FG000008,E-BOX,6013-SB-10-WOT,AWR-EMRK-PL-D-021,Welding Electrodes-E6013,3.15 X 350MM (WOT),2700
FG000307,E-BOX,6013-SB-10-WT,AWR-EMRK-PL-D-011,Welding Electrodes-E6013,3.15 X 350MM (WT),2740
FG000003,E-BOX,6013-SB-12-WOT,AWR-EMRK-PL-D-021,Welding Electrodes-E6013,2.50 X 350MM (WOT),2980
FG000310,E-BOX,6013-SB-12-WT,AWR-EMRK-PL-D-011,Welding Electrodes-E6013,2.50 X 350MM (WT),3020
FG000002,E-BOX,6013-SB-14-WOT,AWR-EMRK-PL-D-057,Welding Electrodes-E6013,2.00 X 300MM (WOT),3260
FG000001,E-BOX,6013-SB-16-WOT,AWR-EMRK-PL-D-057,Welding Electrodes-E6013,1.60 X 250MM (WOT),3260
FG000006,E-BOX,6013-SB-6-WOT,AWR-EMRK-PL-D-021,Welding Electrodes-E6013,5.00 X 450MM (WOT),3380
FG000011,E-BOX,6013-SB-8-WOT,AWR-EMRK-PL-D-021,Welding Electrodes-E6013,4.00 X 450MM (WOT),3260
FG000309,E-BOX,6013-SB-8-WT,AWR-EMRK-PL-D-011,Welding Electrodes-E6013,4.00 X 450MM (WT),3300
FG000050,E-BOX,6013SS-10-WOT,AWR-EMRK-PL-D-051,Welding Electrodes-E6013SS,3.15 X 350MM (WOT),2700
FG000046,E-BOX,6013SS-12-WOT,AWR-EMRK-PL-D-051,Welding Electrodes-E6013SS,2.50 X 350MM (WOT),2980
FG000066,E-BOX,6013SS-6-WOT,AWR-EMRK-PL-D-051,Welding Electrodes-E6013SS,5.00 X 450MM (WOT),3380
FG000062,E-BOX,6013SS-8-WOT,AWR-EMRK-PL-D-051,Welding Electrodes-E6013SS,4.00 X 450MM (WOT),3260
FG000104,E-BOX,7018-10-450,AWR-EMRK-PL-D-052,Welding Electrodes-E7018,3.15 X 450MM,2880
FG000102,E-BOX,7018-12,AWR-EMRK-PL-D-052,Welding Electrodes-E7018,2.50 X 350MM,2880
FG000106,E-BOX,7018-6,AWR-EMRK-PL-D-052,Welding Electrodes-E7018,5.00 X 450MM,2880
FG000105,E-BOX,7018-8,AWR-EMRK-PL-D-052,Welding Electrodes-E7018,4.00 X 450MM,2880
FG000034,E-BOX,308L-10,AWR-EMRK-PL-D-053,Welding Electrodes-E308L,3.15 X 350MM,3760
FG000033,E-BOX,308L-12,AWR-EMRK-PL-D-053,Welding Electrodes-E308L,2.50 X 350MM,3760
FG000032,E-BOX,308L-14,AWR-EMRK-PL-D-053,Welding Electrodes-E308L,2.00 X 300MM,4140
FG000052,E-BOX,309L-10,AWR-EMRK-PL-D-053,Welding Electrodes-E309L,3.15 X 350MM,5500
FG000051,E-BOX,309L-12,AWR-EMRK-PL-D-053,Welding Electrodes-E309L,2.50 X 350MM,5500
FG000154,E-BOX,CINM-10-20KG,AWR-EMRK-PL-D-054,Welding Electrodes-CINM,3.15 X 350MM,2980
FG000159,E-PKT,CI FE NI-10-PKT,AWR-EMRK-PL-D-054,Welding Electrodes-CIFN,3.15 X 350MM,2340
FG000175,E-BOX,CUT ROD-6,AWR-EMRK-PL-D-056,Cutting Electrodes,5.00 X 450MM,2200
FG000526,AB-BOX-4(600),AB-CW-UT-04-12-107-D-BK,AWR-ABMRK-PL-D-003,"4"" Cut-Off Wheels-Double Net",107 X 1.2X 16MM-UT-CW-DN-BLACK,5490
FG000548,AB-BOX-4(200),AB-CW-UT-04-12-107-D-BK-200,AWR-ABMRK-PL-D-003,"4"" Cut-Off Wheels-Double Net",107 X 1.2X 16MM-UT-CW-DN-BLACK-200,1830
FG000527,AB-BOX-4(600),AB-CW-UT-04-12-107-D-BR,AWR-ABMRK-PL-D-003,"4"" Cut-Off Wheels-Double Net",107 X 1.2X 16MM-UT-CW-DN-BROWN,5490
FG000515,AB-BOX-4(200),AB-CW-UT-04-12-107-D-BR-200,AWR-ABMRK-PL-D-003,"4"" Cut-Off Wheels-Double Net",107 X 1.2X 16MM-UT-CW-DN-BROWN-200,1830
FG000528,AB-BOX-4(600),AB-CW-UT-04-12-107-D-GR,AWR-ABMRK-PL-D-003,"4"" Cut-Off Wheels-Double Net",107 X 1.2X 16MM-UT-CW-DN-GREEN,5490
FG000508,AB-BOX-4(200),AB-CW-UT-04-12-107-D-GR-200,AWR-ABMRK-PL-D-003,"4"" Cut-Off Wheels-Double Net",107 X 1.2X 16MM-UT-CW-DN-GREEN-200,1830
FG000615,AB-BOX-5,AB-CW-UT-05-12-125-D-BR,AWR-ABMRK-PL-D-003,"5"" Cut-Off Wheels-Double Net",125 X 1.2 X 22.23 MM-UT-CW-DN-BROWN,7900
FG000616,AB-TUBE,AB-CW-UT-05-12-125-D-BR-50,AWR-ABMRK-PL-D-003,"5"" Cut-Off Wheels-Double Net",125 X 1.2 X 22.23 MM-UT-CW-DN-BROWN-50,988
FG000878,AB-BOX-5,AB-CW-UT-05-12-125-D-BK,AWR-ABMRK-PL-D-003,"5"" Cut-Off Wheels-Double Net",125 X 1.2 X 22.23 MM-UT-CW-DN-BLACK,7900
FG000879,AB-TUBE,AB-CW-UT-05-12-125-D-BK-50,AWR-ABMRK-PL-D-003,"5"" Cut-Off Wheels-Double Net",125 X 1.2 X 22.23 MM-UT-CW-DN-BLACK-50,988
FG000560,AB-BOX,AB-CW-UT-05-12-125-D-GR,AWR-ABMRK-PL-D-003,"5"" Cut-Off Wheels-Double Net",125 X 1.2 X 22.23 MM-UT-CW-DN-GREEN,7900
FG000559,AB-TUBE,AB-CW-UT-05-12-125-D-GR-50,AWR-ABMRK-PL-D-003,"5"" Cut-Off Wheels-Double Net",125 X 1.2 X 22.23 MM-UT-CW-DN-GREEN-50,988
FG000523,AB-BOX-14,AB-CW-UT-14-28-355-S-BK,AWR-ABMRK-PL-D-003,"14"" Cut-Off Wheels-Single Net",355 X 2.8 X 25.4MM-UT-CW-SN-BLACK,2800
FG000525,AB-BOX-14,AB-CW-UT-14-28-355-S-GR,AWR-ABMRK-PL-D-003,"14"" Cut-Off Wheels-Single Net",355 X 2.8 X 25.4MM-UT-CW-SN-GREEN,2800
FG000529,AB-BOX-14,AB-CW-UT-14-32-355-D-BR,AWR-ABMRK-PL-D-003,"14"" Cut-Off Wheels-Double Net",355 X 3.2 X 25.4MM-UT-CW-DN-BROWN,3125
FG000530,AB-BOX-14,AB-CW-UT-14-32-355-D-GR,AWR-ABMRK-PL-D-003,"14"" Cut-Off Wheels-Double Net",355 X 3.2 X 25.4MM-UT-CW-DN-GREEN,3125
FG001780,FD-BOX,AB-FD-04-16-100-120,AWR-ABMRK-PL-D-003,Flap Discs,100X16 MM-120 GRIT FLAP DISC,490
FG001778,FD-BOX,AB-FD-04-16-100-60,AWR-ABMRK-PL-D-003,Flap Discs,100X16 MM-60 GRIT FLAP DISC,490
FG001779,FD-BOX,AB-FD-04-16-100-80,AWR-ABMRK-PL-D-003,Flap Discs,100X16 MM-80 GRIT FLAP DISC,490
FG002127,FD-BOX,AB-FD-04-16-100-36,AWR-ABMRK-PL-D-003,Flap Discs,100X16 MM-36 GRIT FLAP DISC,490
FG000397,W-COIL,BINDING WIRE-25 KG,AWR-WMRK-PL-D-007,Binding Wires,BINDING WIRE-25 KG,2450
FG000463,W-TUBE,CCMS 1.60X1000-25KG-HFR,AWR-WMRK-PL-D-004,CCMS Filler Wire,CCMS FILLER WIRE 1.60 X 1000 MM-25 KG,2475
FG000092,W-TUBE,CCMS 1.60X805-20KG,AWR-WMRK-PL-D-004,CCMS Filler Wire,CCMS FILLER WIRE 1.60 X 805 MM-20 KG,1980
FG000603,M-SPOOL,MIG-0.8-12.5KG-L-DIN-270,AWR-WMRK-PL-D-003,MIG Wire-ER70S-6,0.8 MM L-12.5 KG SPOOL-DIN-270,1588
FG000330,M-SPOOL,MIG-0.8-12.5KG-L-DIN-300,AWR-WMRK-PL-D-003,MIG Wire-ER70S-6,0.8 MM L-12.5 KG-SPOOL-DIN-300,1588
FG000415,M-SPOOL,MIG-0.8-15KG-L-DIN-270,AWR-WMRK-PL-D-003,MIG Wire-ER70S-6,0.8 MM L-15 KG SPOOL-DIN-270,1830
FG000069,M-SPOOL,MIG-0.8-15KG-L-DIN-300,AWR-WMRK-PL-D-003,MIG Wire-ER70S-6,0.8 MM L-15 KG SPOOL-DIN-300,1830
FG000843,M-SPOOL,MIG-1.00-15KG-L-DIN-270,AWR-WMRK-PL-D-003,MIG Wire-ER70S-6,1.00 MM L-15 KG SPOOL-DIN-270,1815
FG000742,M-SPOOL,MIG-1.00-15KG-L-DIN-300,AWR-WMRK-PL-D-003,MIG Wire-ER70S-6,1.00 MM L-15 KG SPOOL-DIN-300,1815
FG000602,M-SPOOL,MIG-1.2-15KG-L-DIN-270,AWR-WMRK-PL-D-003,MIG Wire-ER70S-6,1.20 MM L-15 KG SPOOL-DIN-270,1800
FG000618,M-SPOOL,MIG-1.2-15KG-L-DIN-270-WT,AWR-WMRK-PL-D-003,MIG Wire-ER70S-6,1.20 MM L-15 KG SPOOL-DIN-270-WT,1800
FG000082,M-SPOOL,MIG-1.2-15KG-L-DIN-300,AWR-WMRK-PL-D-003,MIG Wire-ER70S-6,1.20 MM L-15 KG SPOOL-DIN-300,1800
FG000669,M-SPOOL,MIG-1.60-15KG-L-DIN-300,AWR-WMRK-PL-D-003,MIG Wire-ER70S-6,1.60 MM L-15 KG SPOOL-DIN-300,1800
FG000462,W-TUBE,MS 2.00X1000-25KG-HFR,AWR-WMRK-PL-D-004,MS Filler wire,MS FILLER WIRE 2.00 X 1000 MM-25 KG,2225
FG000484,W-TUBE,MS 2.00X1315-25KG-HFR,AWR-WMRK-PL-D-004,MS Filler wire,MS FILLER WIRE 2.00 X 1315 MM-25 KG,2225
FG000485,W-TUBE,MS 2.00X1320-25KG-HFR,AWR-WMRK-PL-D-004,MS Filler wire,MS FILLER WIRE 2.00 X 1320 MM-25 KG,2225
FG000098,W-TUBE,MS 2.50X1000-25KG,AWR-WMRK-PL-D-004,MS Filler wire,MS FILLER WIRE 2.50 X 1000 MM-25 KG,2225
FG000099,W-TUBE,MS 3.15X1000-25KG,AWR-WMRK-PL-D-004,MS Filler wire,MS FILLER WIRE 3.15 X 1000 MM-25 KG,2225
FG000100,W-TUBE,MS 4.00X1000-25KG,AWR-WMRK-PL-D-004,MS Filler wire,MS FILLER WIRE 4.00 X 1000 MM-25 KG,2225
FG000613,TP-BOX,PR-EP-SB-0.5LTR-BK-SP,AWR-TPMRK-PL-D-004,Epoxy Primer-Black,EP-SB-BL-0.5 LTR,1320
FG000564,TP-BOX,PR-EP-SB-0.5LTR-GY-SP,AWR-TPMRK-PL-D-003,Epoxy Primer-Grey,EP-SB-GY-0.5 LTR,1552
FG000611,TP-BOX,PR-EP-SB-1LTR-BK-SP,AWR-TPMRK-PL-D-004,Epoxy Primer-Black,EP-SB-BL-1.0 LTR,1818
FG000544,TP-BOX,PR-EP-SB-1LTR-GY-SP,AWR-TPMRK-PL-D-003,Epoxy Primer-Grey,EP-SB-GY-1.0 LTR,2160
FG000629,TP-BOX,PR-EP-SB-20LTR-BK-SP,AWR-TPMRK-PL-D-004,Epoxy Primer-Black,EP-SB-BL-20.0 LTR,5100
FG000561,TP-BOX,PR-EP-SB-20LTR-GY-SP,AWR-TPMRK-PL-D-003,Epoxy Primer-Grey,EP-SB-GY-20.0 LTR,6250
FG000621,TP-BOX,PR-EP-SB-4LTR-BK-SP,AWR-TPMRK-PL-D-004,Epoxy Primer-Black,EP-SB-BL-4.0 LTR,4460
FG000570,TP-BOX,PR-EP-SB-4LTR-GY-SP,AWR-TPMRK-PL-D-003,Epoxy Primer-Grey,EP-SB-GY-4.0 LTR,5400
FG000622,TP-BOX,PR-RO-CC-0.5LTR,AWR-TPMRK-PL-D-006,Red Oxide Primer-CLASSY COATS,RO-CC-0.5 LTR,608
FG000589,TP-BOX,PR-RO-CC-1LTR,AWR-TPMRK-PL-D-006,Red Oxide Primer-CLASSY COATS,RO-CC-1.0 LTR,1416
FG000584,TP-BOX,PR-RO-CC-20LTR,AWR-TPMRK-PL-D-006,Red Oxide Primer-CLASSY COATS,RO-CC-20.0 LTR,3200
FG000590,TP-BOX,PR-RO-CC-4LTR,AWR-TPMRK-PL-D-006,Red Oxide Primer-CLASSY COATS,RO-CC-4.0 LTR,1680
FG000626,TP-BOX,PR-ZC-CC-0.5LTR,AWR-TPMRK-PL-D-005,Zinc Chromate Primer-CLASSY COATS,ZC-CC-0.5 LTR,888
FG000594,TP-BOX,PR-ZC-CC-1LTR,AWR-TPMRK-PL-D-005,Zinc Chromate Primer-CLASSY COATS,ZC-CC-1.0 LTR,2256
FG000593,TP-BOX,PR-ZC-CC-20LTR,AWR-TPMRK-PL-D-005,Zinc Chromate Primer-CLASSY COATS,ZC-CC-20.0 LTR,3180
FG000592,TP-BOX,PR-ZC-CC-4LTR,AWR-TPMRK-PL-D-005,Zinc Chromate Primer-CLASSY COATS,ZC-CC-4.0 LTR,2800
FG000628,TP-BOX,PR-ZC-SB-0.5LTR,AWR-TPMRK-PL-D-005,Zinc Chromate Primer-SUN BOND,ZC-SB-0.5 LTR,1240
FG000505,TP-BOX,PR-ZC-SB-1LTR,AWR-TPMRK-PL-D-005,Zinc Chromate Primer-SUN BOND,ZC-SB-1.0 LTR,1698
FG000591,TP-BOX,PR-ZC-SB-20LTR,AWR-TPMRK-PL-D-005,Zinc Chromate Primer-SUN BOND,ZC-SB-20.0 LTR,4700
FG000506,TP-BOX,PR-ZC-SB-4LTR,AWR-TPMRK-PL-D-005,Zinc Chromate Primer-SUN BOND,ZC-SB-4.0 LTR,4160
FG000660,SG-BOX,SP-SG-SB-GR-BL-30NO,AWR-SPMRK-PL-D-003,Safety Googles,SAFETY GOGGLES GREY COLOUR BLUE LOGO 30NOS,1170
FG000637,SG-BOX,SP-SG-SB-GR-BL-60NO,AWR-SPMRK-PL-D-003,Safety Googles,SAFETY GOGGLES GREY COLOUR BLUE LOGO 60NOS,2340
FG000661,SG-BOX,SP-SG-SB-WH-BL-30NO,AWR-SPMRK-PL-D-003,Safety Googles,SAFETY GOGGLES WHITE COLOUR BLUE LOGO 30NOS,1170
FG000565,TR-BOX,TP-TR-GP-0.5 LTR,AWR-TPMRK-PL-D-008,GP ENAMEL THINNER,GP-0.5 LTR,1860
FG000576,TR-BOX,TP-TR-GP-0.8 LTR,AWR-TPMRK-PL-D-008,GP ENAMEL THINNER,GP-0.8 LTR,4260
FG000566,TR-BOX,TP-TR-GP-1 LTR,AWR-TPMRK-PL-D-008,GP ENAMEL THINNER,GP-1 LTR,3540
FG000569,TR-BOX,TP-TR-GP-20 LTR,AWR-TPMRK-PL-D-008,GP ENAMEL THINNER,GP-20 LTR,3650
FG000567,TR-BOX,TP-TR-GP-3 LTR,AWR-TPMRK-PL-D-008,GP ENAMEL THINNER,GP-3 LTR,2152
FG000568,TR-BOX,TP-TR-GP-5 LTR,AWR-TPMRK-PL-D-008,GP ENAMEL THINNER,GP-5 LTR,3540
FG001825,TR-BOX,TP-TR-GP-210LTR,AWR-TPMRK-PL-D-008,GP ENAMEL THINNER,GP-210 LTR,34500
FG000545,TR-BOX,TP-TR-NC-0.5 LTR,AWR-TPMRK-PL-D-007,NC Thinner,NC-0.5 LTR,1720
FG000549,TR-BOX,TP-TR-NC-1.0LTR,AWR-TPMRK-PL-D-007,NC Thinner,NC-1.0 LTR,3080
FG000547,TR-BOX,TP-TR-NC-20.0LTR,AWR-TPMRK-PL-D-007,NC Thinner,NC-20.0 LTR,3100
FG000571,TR-BOX,TP-TR-NC-3.0LTR,AWR-TPMRK-PL-D-007,NC Thinner,NC-3.0 LTR,1920
FG000546,TR-BOX,TP-TR-NC-5.0LTR,AWR-TPMRK-PL-D-007,NC Thinner,NC-5.0 LTR,3020
FG001818,TR-BOX,TP-TR-NC-210LTR,AWR-TPMRK-PL-D-007,NC Thinner,NC-210 LTR,28200
FG001777,CB-BOX,AB-WCB-04-110-03,AWR-ABMRK-PL-D-003,Wall Cutting Blade,110X3X16.2 MM -10 NOS,898
FG001827,CB-BOX,AB-WCB-05-110-03,AWR-ABMRK-PL-D-003,Wall Cutting Blade,125X3X22.2 MM -10 NOS,1060
FG002157,MT-BOX,SB-MT-050-20M-135,AWR-MTMRK-PL-D-003,Masking Tape,0.5X20M-135 MIC MASKING TAPE,5428
FG002158,MT-BOX,SB-MT-075-20M-135,AWR-MTMRK-PL-D-003,Masking Tape,0.75X20M-135 MIC MASKING TAPE,5664
FG002159,MT-BOX,SB-MT-100-20M-135,AWR-MTMRK-PL-D-003,Masking Tape,1X20M-135 MIC MASKING TAPE,5664
FG002160,MT-BOX,SB-MT-150-20M-135,AWR-MTMRK-PL-D-003,Masking Tape,1.5X20M-135 MIC MASKING TAPE,5900
FG002161,MT-BOX,SB-MT-200-20M-135,AWR-MTMRK-PL-D-003,Masking Tape,2X20M-135 MIC MASKING TAPE,6136
FG002162,MT-BOX,SB-MT-300-20M-135,AWR-MTMRK-PL-D-003,Masking Tape,3X20M-135 MIC MASKING TAPE,6372